nummer;vorname;nachname
1;Max;Mustermann
2;Moritz;Musterer
3;Martin;Musterbauer
4;Mario;Mustermaier
5;Maximilian;Muster
6;Alfons;Mustermann
7;Bernhard;Mustermeier
8;Claus;Mustering
9;Detlef;Musterer
10;Emil;Musterbauer
11;Franz;Muster
12;Georg;Musterer
13;Hans;Mustermann
14;Ingo;Mustering
15;Josef;Musterschorsch
16;Klaus;Musterklaus
17;Ludwig;Musterding
18;Martin;Musterer
19;Norbert;Musterer
20;Otto;Mustermeier
21;Paul;Mustering
22;Q....;Musterding
23;Ralf;Mustermann
24;Stefan;Musterklaus
25;Thomas;Muster
26;Uwe Alfons Bernhard Hans;Musterer von und zu Musterhausen
27;Viktor;Muster
28;Walter;Musterbauer
29;Xaver;Musterhausen
101;Max;Mustermann
102;Moritz;Musterer
103;Martin;Musterbauer
104;Mario;Mustermaier
105;Maximilian;Muster
106;Alfons;Mustermann
107;Bernhard;Mustermeier
108;Claus;Mustering
109;Detlef;Musterer
110;Emil;Musterbauer
111;Franz;Muster
112;Georg;Musterer
113;Hans;Mustermann
114;Ingo;Mustering
115;Josef;Musterschorsch
116;Klaus;Musterklaus
117;Ludwig;Musterding
118;Martin;Musterer
119;Norbert;Musterer
120;Otto;Mustermeier
121;Paul;Mustering
122;Q....;Musterding
123;Ralf;Mustermann
124;Stefan;Musterklaus
125;Thomas;Muster
126;Uwe Alfons Bernhard Hans;Musterer von und zu Musterhausen
127;Viktor;Muster
128;Walter;Musterbauer
129;Xaver;Musterhausen
210;Emil;Musterbauer
211;Franz;Muster
212;Georg;Musterer
213;Hans;Mustermann
214;Ingo;Mustering
215;Josef;Musterschorsch
216;Klaus;Musterklaus
217;Ludwig;Musterding
218;Martin;Musterer
219;Norbert;Musterer
220;Otto;Mustermeier
221;Paul;Mustering
222;Q....;Musterding
223;Ralf;Mustermann
224;Stefan;Musterklaus
225;Thomas;Muster
226;Uwe Alfons Bernhard Hans;Musterer von und zu Musterhausen
227;Viktor;Muster
228;Walter;Musterbauer
22+9;Xaver;Musterhausen
